{"loss": 21.452531814575195, "accuracy": 0.2218649536371231}